<?xml version="1.0" encoding="UTF-8"?>
<!DOCTYPE generatorConfiguration
        PUBLIC "-//mybatis.org//DTD MyBatis Generator Configuration 1.0//EN"
        "http://mybatis.org/dtd/mybatis-generator-config_1_0.dtd">

<generatorConfiguration>
    <!-- context元素用于指定生成一组对象的环境。targetRuntime:此属性用于指定生成的代码的运行时环境。MyBatis3:*这是默认值*-->
    <context id="testTables" targetRuntime="MyBatis3">
        <commentGenerator>
            <!-- 是否去除自动生成的注释 true：是 ： false:否 -->
            <!--<property name="suppressAllComments" value="false" />-->
        </commentGenerator>
        <!--数据库连接的信息：驱动类、连接地址、用户名、密码 -->
        <!--<jdbcConnection driverClass="com.mysql.jdbc.Driver"
            connectionURL="jdbc:mysql://139.224.33.12:3308/bing?allowMultiQueries=true" userId="root"
            password="123456">
        </jdbcConnection>-->
        <!-- 如使用oracle请参考如下 -->
        <!--<jdbcConnection driverClass="oracle.jdbc.driver.OracleDriver"
                        connectionURL="jdbc:oracle:thin:@192.168.4.88:1521:ORCL"
                        userId="ULA_UPRIGHT"
                        password="ULA_UPRIGHT">
        </jdbcConnection>-->
        <jdbcConnection driverClass=""
                        connectionURL=""
                        userId=""
                        password="">
        </jdbcConnection>

        <!-- 默认false，把JDBC DECIMAL 和 NUMERIC 类型解析为 Integer，为 true时把JDBC DECIMAL 和
            NUMERIC 类型解析为java.math.BigDecimal -->
        <javaTypeResolver>
            <property name="forceBigDecimals" value="true" />
        </javaTypeResolver>

        <!-- targetProject:生成PO类的位置 -->
        <!--<javaModelGenerator targetPackage="com.dcits.ifp.ul.adapter.ula.model"
                            targetProject=".\src">
            <property name="enableSubPackages" value="false" />
            <property name="trimStrings" value="true" />
            <property name="rootClass" value="EnsBaseDbBean"/>
        </javaModelGenerator>-->
        <javaModelGenerator targetPackage=""
                            targetProject="">
            <!-- enableSubPackages:是否让schema作为包的后缀 -->
            <property name="enableSubPackages" value="false" />
            <!-- 从数据库返回的值被清理前后的空格 -->
            <property name="trimStrings" value="true" />
            <!--配置pojo继承类-->
            <property name="rootClass" value=""/>
        </javaModelGenerator>
        <!--<sqlMapGenerator targetPackage="META-INF.mapper"
                         targetProject=".\src">
            <property name="enableSubPackages" value="false" />
        </sqlMapGenerator>-->
        <sqlMapGenerator targetPackage=""
                         targetProject="">
            <!-- enableSubPackages:是否让schema作为包的后缀 -->
            <property name="enableSubPackages" value="false" />
        </sqlMapGenerator>
        <!-- targetPackage：mapper接口生成的位置 -->
        <!--<javaClientGenerator type="XMLMAPPER"
                             targetPackage="com.dcits.ifp.ul.adapter.ula.dao"
                             targetProject=".\src">
            <property name="enableSubPackages" value="false" />
            <property name="rootClass" value="EnsBaseDao"/>
        </javaClientGenerator>-->
        <javaClientGenerator type="XMLMAPPER"
                             targetPackage=""
                             targetProject="">
            <!-- enableSubPackages:是否让schema作为包的后缀 -->
            <property name="enableSubPackages" value="false" />
            <property name="rootClass" value=""/>
            <!--<property name="rootInterface" value="test"/>-->
        </javaClientGenerator>

        <!-- 指定数据库表 -->

        <table tableName="" schema="" enableCountByExample="false"
               enableDeleteByExample="false" enableUpdateByExample="false"
               enableSelectByExample="false" selectByExampleQueryId="false" ></table>
         <!--有些表的字段需要指定java类型，暂时有问题-->
        <!-- <table tableName="ZA_AXQ_RESPONSE">
            <columnOverride column="CREATE_TIME" jdbcType="DATE" javaType="String" />
            <columnOverride column="EXPIRED_DATE" jdbcType="DATE" javaType="String" />
        </table>-->
    </context>
</generatorConfiguration>