<assembly xmlns="http://maven.apache.org/plugins/maven-assembly-plugin/assembly/1.1.0"
          xmlns:xsi="http://www.w3.org/2001/XMLSchema-instance"
          xsi:schemaLocation="http://maven.apache.org/plugins/maven-assembly-plugin/assembly/1.1.0 http://maven.apache.org/xsd/assembly-1.1.0.xsd">
    <id>bundle</id>
    <formats>
        <format>dir</format>
        <format>zip</format>
    </formats>
    <dependencySets>
        <dependencySet>
            <outputDirectory>lib</outputDirectory>
            <!--包含本模块生成的jar-->
            <useProjectArtifact>true</useProjectArtifact>
            <!--包含本模块依赖的jar-->
            <useProjectAttachments>true</useProjectAttachments>
            <scope>runtime</scope>
        </dependencySet>
    </dependencySets>
    <fileSets>
        <fileSet>
            <directory>script</directory>
            <outputDirectory>/</outputDirectory>
            <includes>
                <include>*.*</include>
            </includes>
        </fileSet>
    </fileSets>
</assembly>